source,class,order,family,genus,scientificName,vernacularName,occurrenceCount,iucnRedListCategory
GBIF,Aves,Passeriformes,Thraupidae,Thraupis,Thraupis sayaca,Celestino,447,
GBIF,Aves,Accipitriformes,Cathartidae,Coragyps,Coragyps atratus,Buitre negro americano,412,
GBIF,Aves,Columbiformes,Columbidae,Leptotila,Leptotila verreauxi,Paloma Apical,405,
GBIF,Aves,Passeriformes,Tyrannidae,Pitangus,Pitangus sulphuratus,Benteveo,404,
GBIF,Aves,Passeriformes,Furnariidae,Furnarius,Furnarius rufus,Hornero,387,
GBIF,Aves,Charadriiformes,Charadriidae,Vanellus,Vanellus chilensis,Alcaraván,387,
GBIF,Aves,Passeriformes,Turdidae,Turdus,Turdus rufiventris,Zorzal colorado,367,
GBIF,Aves,Passeriformes,Vireonidae,Cyclarhis,Cyclarhis gujanensis,Alegrín de Cejas Rojizas,358,
GBIF,Aves,Passeriformes,Turdidae,Turdus,Turdus leucomelas,Mirla ventriblanca,341,
GBIF,Aves,Cuculiformes,Cuculidae,Crotophaga,Crotophaga ani,"""Garrapatero Piquiliso, Garrapatero""",332,
GBIF,Aves,Cuculiformes,Cuculidae,Guira,Guira guira,Cuclillo Guira,301,
GBIF,Aves,Piciformes,Picidae,Colaptes,Colaptes campestris,Carpintero campestre,292,
GBIF,Aves,Columbiformes,Columbidae,Columbina,Columbina talpacoti,Columbina colorada,274,
GBIF,Aves,Passeriformes,Icteridae,Cacicus,Cacicus haemorrhous,Boyero cacique,271,
GBIF,Aves,Passeriformes,Corvidae,Cyanocorax,Cyanocorax chrysops,Arrendajo de cresta alborotada,267,
GBIF,Aves,Accipitriformes,Accipitridae,Rupornis,Rupornis magnirostris,Aguililla caminera,261,
GBIF,Aves,Passeriformes,Parulidae,Basileuterus,Basileuterus culicivorus,Arañero chico,258,
GBIF,Aves,Passeriformes,Tyrannidae,Tyrannus,Tyrannus melancholicus,Benteveo real,248,
GBIF,Aves,Passeriformes,Troglodytidae,Troglodytes,Troglodytes musculus,Chercán,218,
GBIF,Aves,Tinamiformes,Tinamidae,Crypturellus,Crypturellus tataupa,Perdiz Tataupá,215,
GBIF,Aves,Psittaciformes,Psittacidae,Brotogeris,Brotogeris chiriri,Catita chiriri,213,
GBIF,Aves,Passeriformes,Thraupidae,Saltator,Saltator coerulescens,Pepitero Grisáceo,208,
GBIF,Aves,Passeriformes,Furnariidae,Phacellodomus,Phacellodomus ruber,Espinero grande,206,
GBIF,Aves,Passeriformes,Turdidae,Turdus,Turdus amaurochalinus,Sabiá,195,
GBIF,Aves,Passeriformes,Troglodytidae,Campylorhynchus,Campylorhynchus turdinus,Cucarachero turdino,190,
GBIF,Aves,Passeriformes,Tyrannidae,Hemitriccus,Hemitriccus margaritaceiventer,Mosqueta ojo dorado,187,
GBIF,Aves,Psittaciformes,Psittacidae,Myiopsitta,Myiopsitta monachus,Cotorra,184,
GBIF,Aves,Cuculiformes,Cuculidae,Piaya,Piaya cayana,Bobo Chiso,181,
GBIF,Aves,Passeriformes,Thraupidae,Paroaria,Paroaria coronata,Cardenal,177,
GBIF,Aves,Passeriformes,Furnariidae,Lepidocolaptes,Lepidocolaptes angustirostris,Chinchero chico,175,
GBIF,Aves,Piciformes,Picidae,Melanerpes,Melanerpes candidus,Carpintero blanco,172,
GBIF,Aves,Passeriformes,Fringillidae,Euphonia,Euphonia chlorotica,Eufonia Golipúrpura,169,
GBIF,Aves,Passeriformes,Thraupidae,Coryphospingus,Coryphospingus cucullatus,Brasita de fuego,165,
GBIF,Aves,Passeriformes,Tyrannidae,Megarynchus,Megarynchus pitangua,Bichofué picudo,162,
GBIF,Aves,Columbiformes,Columbidae,Columbina,Columbina picui,Columbina picuí,157,
GBIF,Aves,Passeriformes,Tyrannidae,Myiodynastes,Myiodynastes maculatus,Benteveo chico,153,
GBIF,Aves,Passeriformes,Mimidae,Mimus,Mimus saturninus,Calandria,153,
GBIF,Aves,Passeriformes,Icteridae,Gnorimopsar,Gnorimopsar chopi,Chopí,145,
GBIF,Aves,Piciformes,Picidae,Colaptes,Colaptes melanochloros,Carpintero nuca roja,144,
GBIF,Aves,Cuculiformes,Cuculidae,Tapera,Tapera naevia,Crespín,143,
GBIF,Aves,Apodiformes,Trochilidae,Chlorostilbon,Chlorostilbon lucidus,Esmeralda de Vientre Dorado,139,
GBIF,Aves,Pelecaniformes,Ardeidae,Syrigma,Syrigma sibilatrix,Chiflón,138,
GBIF,Aves,Passeriformes,Thamnophilidae,Taraba,Taraba major,Batará Mayor,137,
GBIF,Aves,Piciformes,Ramphastidae,Pteroglossus,Pteroglossus castanotis,Arasari Orejicastaño,132,
GBIF,Aves,Passeriformes,Passerellidae,Zonotrichia,Zonotrichia capensis,Afrechito,132,
GBIF,Aves,Passeriformes,Thamnophilidae,Thamnophilus,Thamnophilus doliatus,Batará Barreteado,125,
GBIF,Aves,Psittaciformes,Psittacidae,Aratinga,Aratinga leucophthalma,White-eyed Parakeet,124,
GBIF,Aves,Passeriformes,Furnariidae,Dendrocolaptes,Dendrocolaptes platyrostris,Trepador oscuro,124,
GBIF,Aves,Passeriformes,Corvidae,Cyanocorax,Cyanocorax cyanomelas,Arrendajo morado,119,
GBIF,Aves,Passeriformes,Thraupidae,Sicalis,Sicalis flaveola,Canario coronado,119,
GBIF,Aves,Passeriformes,Tyrannidae,Machetornis,Machetornis rixosa,Picabuey,117,
GBIF,Aves,Passeriformes,Vireonidae,Vireo,Vireo olivaceus,Vireo Ojirrojo,116,
GBIF,Aves,Falconiformes,Falconidae,Caracara,Caracara plancus,Caracara Cargahuesos,114,
GBIF,Aves,Passeriformes,Icteridae,Icterus,Icterus cayanensis,Bolsero Hombriamarillo,110,
GBIF,Aves,Trogoniformes,Trogonidae,Trogon,Trogon surrucura,Surucuá,105,
GBIF,Aves,Caprimulgiformes,Caprimulgidae,Nyctidromus,Nyctidromus albicollis,Bujío,104,
GBIF,Aves,Passeriformes,Icteridae,Molothrus,Molothrus bonariensis,Chamón común,101,
GBIF,Aves,Strigiformes,Strigidae,Megascops,Megascops choliba,Alilicucú común,101,
GBIF,Aves,Trogoniformes,Trogonidae,Trogon,Trogon curucui,Surucuá aurora,99,
GBIF,Aves,Psittaciformes,Psittacidae,Pyrrhura,Pyrrhura frontalis,Chiripepé,89,
GBIF,Aves,Passeriformes,Tyrannidae,Leptopogon,Leptopogon amaurocephalus,Mosquerito Gorrisepia,89,
GBIF,Aves,Falconiformes,Falconidae,Falco,Falco sparverius,Cernícalo,88,
GBIF,Aves,Passeriformes,Furnariidae,Synallaxis,Synallaxis frontalis,Pijuí frente gris,87,
GBIF,Aves,Columbiformes,Columbidae,Patagioenas,Patagioenas picazuro,Paloma de monte,87,
GBIF,Aves,Passeriformes,Cotingidae,Pachyramphus,Pachyramphus validus,Anambé grande,87,
GBIF,Aves,Tinamiformes,Tinamidae,Nothura,Nothura maculosa,Inambú campestre,84,
GBIF,Aves,Passeriformes,Tyrannidae,Xolmis,Xolmis irupero,Monjita blanca,84,
GBIF,Aves,Piciformes,Picidae,Celeus,Celeus lugubris,Carpintero copete pajizo,80,
GBIF,Aves,Passeriformes,Tyrannidae,Tyrannus,Tyrannus savana,Tijereta Sabanera,78,
GBIF,Aves,Psittaciformes,Psittacidae,Forpus,Forpus xanthopterygius,Catita enana,75,
GBIF,Aves,Passeriformes,Thraupidae,Conirostrum,Conirostrum speciosum,Conirrostro culirrufo,75,
GBIF,Aves,Passeriformes,Hirundinidae,Progne,Progne chalybea,Golondrina Pecho Gris,72,
GBIF,Aves,Passeriformes,Parulidae,Setophaga,Setophaga pitiayumi,Chipe Tropical,72,
GBIF,Aves,Passeriformes,Thraupidae,Hemithraupis,Hemithraupis guira,Pintasilgo güira,69,
GBIF,Aves,Nyctibiiformes,Nyctibiidae,Nyctibius,Nyctibius griseus,Bienparado común,67,
GBIF,Aves,Coraciiformes,Momotidae,Baryphthengus,Baryphthengus ruficapillus,Momoto yeruvá oriental,65,
GBIF,Aves,Passeriformes,Tyrannidae,Myiarchus,Myiarchus tyrannulus,Burlisto cola castaña,65,
GBIF,Aves,Passeriformes,Hirundinidae,Progne,Progne tapera,Golondrina parda,65,
GBIF,Aves,Columbiformes,Columbidae,Zenaida,Zenaida auriculata,"""Tórtola Orejuda, Paloma Sabanera """,65,
GBIF,Aves,Apodiformes,Trochilidae,Hylocharis,Hylocharis chrysura,Picaflor bronceado,65,
GBIF,Aves,Passeriformes,Passerellidae,Ammodramus,Ammodramus humeralis,Cachilo ceja amarilla,63,
GBIF,Aves,Passeriformes,Parulidae,Myiothlypis,Myiothlypis flaveola,Arañero pico pálido,63,
GBIF,Aves,Apodiformes,Trochilidae,Thalurania,Thalurania furcata,Ninfa Tijereta,61,
GBIF,Aves,Tinamiformes,Tinamidae,Crypturellus,Crypturellus parvirostris,Perdiz de Pico Corto,58,
GBIF,Aves,Passeriformes,Icteridae,Pseudoleistes,Pseudoleistes guirahuro,Canario de la Sierra,57,
GBIF,Aves,Charadriiformes,Jacanidae,Jacana,Jacana jacana,Gallito de Agua de Frente Roja,56,
GBIF,Aves,Passeriformes,Thraupidae,Dacnis,Dacnis cayana,Dacnis Azul,56,
GBIF,Aves,Strigiformes,Strigidae,Athene,Athene cunicularia,Búho Terrestre,56,
GBIF,Aves,Piciformes,Picidae,Picumnus,Picumnus cirratus,Carpinterito barrado,56,
GBIF,Aves,Passeriformes,Tyrannidae,Lathrotriccus,Lathrotriccus euleri,Mosquerito de Euler,54,
GBIF,Aves,Gruiformes,Rallidae,Aramides,Aramides ypecaha,Cotara ipacaá,52,
GBIF,Aves,Passeriformes,Furnariidae,Lochmias,Lochmias nematura,Macuquito,52,
GBIF,Aves,Passeriformes,Thraupidae,Tersina,Tersina viridis,Tangara golondrina,51,
GBIF,Aves,Passeriformes,Thraupidae,Nemosia,Nemosia pileata,Frutero cabeza negra,50,
GBIF,Aves,Passeriformes,Thamnophilidae,Thamnophilus,Thamnophilus caerulescens,Batará plomizo,49,
GBIF,Aves,Passeriformes,Furnariidae,Schoeniophylax,Schoeniophylax phryganophilus,Pijuí chotoy,48,
GBIF,Aves,Columbiformes,Columbidae,Columbina,Columbina squammata,Torcacita escamada,48,
GBIF,Aves,Apodiformes,Apodidae,Chaetura,Chaetura meridionalis,Vencejo de Tormenta,48,
GBIF,Aves,Passeriformes,Tyrannidae,Elaenia,Elaenia spectabilis,Elenia Tribandeada,44,
GBIF,Aves,Gruiformes,Rallidae,Aramides,Aramides cajanea,Cotara chiricote,43,
GBIF,Mammalia,Rodentia,Cricetidae,Sooretamys,Sooretamys angouya,Colilargo paraguayo,31,
GBIF,Mammalia,Chiroptera,Phyllostomidae,Desmodus,Desmodus rotundus,Desmodus rotundus,28,
GBIF,Mammalia,Rodentia,Cricetidae,Nectomys,Nectomys squamipes,Atlantic Forest Nectomys,27,
GBIF,Mammalia,Chiroptera,Molossidae,Molossus,Molossus rufus,Moloso cola gruesa grande,27,
GBIF,Mammalia,Chiroptera,Phyllostomidae,Carollia,Carollia perspicillata,Murciélago cola corta de Sebas,25,
GBIF,Mammalia,Chiroptera,Phyllostomidae,Artibeus,Artibeus lituratus,Murciélago frugívoro común,23,
GBIF,Mammalia,Chiroptera,Molossidae,Molossops,Molossops temminckii,Moloso pigmeo,20,
GBIF,Mammalia,Rodentia,Cricetidae,Akodon,Akodon montensis,Ratón selvático,20,
GBIF,Mammalia,Chiroptera,Phyllostomidae,Sturnira,Sturnira lilium,Little Yellow-Shouldered Bat,19,
GBIF,Mammalia,Chiroptera,Molossidae,Cynomops,Cynomops abrasus,Moloso rojizo,19,
GBIF,Mammalia,Rodentia,Cricetidae,Oligoryzomys,Oligoryzomys nigripes,Colilargo isleño,16,
GBIF,Mammalia,Chiroptera,Phyllostomidae,Platyrrhinus,Platyrrhinus lineatus,Frutero de línea dorsal,16,
GBIF,Mammalia,Chiroptera,Molossidae,Nyctinomops,Nyctinomops laticaudatus,Moloso labios arrugados chico,15,
GBIF,Mammalia,Chiroptera,Vespertilionidae,Myotis,Myotis nigricans,Murcielaguito negruzco común,9,
GBIF,Mammalia,Chiroptera,Molossidae,Promops,Promops nasutus,Moloso cola larga chico,8,
GBIF,Mammalia,Rodentia,Cricetidae,Akodon,Akodon cursor,Cursor Grass Mouse,8,
GBIF,Mammalia,Chiroptera,Vespertilionidae,Dasypterus,Dasypterus ega,Murciélago amarillo del sur,7,
GBIF,Mammalia,Chiroptera,Vespertilionidae,Eptesicus,Eptesicus furinalis,Eptesicus de Argentina,7,
GBIF,Mammalia,Chiroptera,Phyllostomidae,Glossophaga,Glossophaga soricina,Murciélago lengüetón,6,
GBIF,Mammalia,Chiroptera,Phyllostomidae,Pygoderma,Pygoderma bilabiatum,Murciélago de hombros blancos,6,
GBIF,Mammalia,Chiroptera,Molossidae,Promops,Promops centralis,Moloso cola larga grande,5,
GBIF,Mammalia,Chiroptera,Phyllostomidae,Chrotopterus,Chrotopterus auritus,Falso vampiro orejón,5,
GBIF,Mammalia,Chiroptera,Molossidae,Eumops,Eumops bonariensis,Moloso orejas anchas pardo,4,
GBIF,Mammalia,Chiroptera,Vespertilionidae,Lasiurus,Lasiurus borealis,Murciélago cola peluda rojizo,4,
GBIF,Mammalia,Artiodactyla,Cervidae,Mazama,Mazama gouazoubira,Cabra Silvestre,4,
GBIF,Mammalia,Chiroptera,Vespertilionidae,Myotis,Myotis ruber,Murcielaguito rojo,3,
GBIF,Mammalia,Rodentia,Echimyidae,Thrichomys,Thrichomys apereoides,Common Punare,3,
GBIF,Mammalia,Chiroptera,Molossidae,Molossus,Molossus molossus,Moloso cola gruesa chico,3,
GBIF,Mammalia,Chiroptera,Phyllostomidae,Carollia,Carollia brevicaudum,Murciélago frutero de la selva nublada,2,
GBIF,Mammalia,Carnivora,Canidae,Cerdocyon,Cerdocyon thous,Perro Sabanero,2,
GBIF,Mammalia,Carnivora,Felidae,Leopardus,Leopardus pardalis,Ek-such,2,
GBIF,Mammalia,Carnivora,Felidae,Puma,Puma yagouaroundi,jaguarundi,2,
GBIF,Mammalia,Lagomorpha,Leporidae,Sylvilagus,Sylvilagus brasiliensis,Conejo Tapetí,2,
GBIF,Mammalia,Didelphimorphia,Didelphidae,Didelphis,Didelphis albiventris,Comadreja Común,2,
GBIF,Mammalia,Didelphimorphia,Didelphidae,Philander,Philander frenatus,South-eastern Four-eyed,2,
GBIF,Mammalia,Didelphimorphia,Didelphidae,Philander,Philander opossum,Comadreja De Cuatro Ojos,2,
GBIF,Mammalia,Didelphimorphia,Didelphidae,Chironectes,Chironectes minimus,Chucha de agua | ratón de agua | runcho de agua | zarigüeya de agua,2,
GBIF,Mammalia,Rodentia,Cricetidae,Oecomys,Oecomys franciscorum,Ratón de los Franciscos,2,
GBIF,Mammalia,Chiroptera,Vespertilionidae,Aeorestes,Aeorestes cinereus,Murciélago-cola peluda canoso,1,
GBIF,Mammalia,Chiroptera,Phyllostomidae,Tonatia,Tonatia bidens,Falso vampiro orejas redondas,1,
GBIF,Mammalia,Chiroptera,Phyllostomidae,Artibeus,Artibeus fimbriatus,Frutero grande oscuro,1,
GBIF,Mammalia,Carnivora,Felidae,Leopardus,Leopardus wiedii,Burricon,1,
GBIF,Mammalia,Pilosa,Myrmecophagidae,Tamandua,Tamandua tetradactyla,Brazo Fuerte,1,
GBIF,Mammalia,Primates,Atelidae,Alouatta,Alouatta caraya,Aullador Negro,1,
GBIF,Mammalia,Rodentia,Dasyproctidae,Dasyprocta,Dasyprocta azarae,Agutí bayo,1,
GBIF,Mammalia,Rodentia,Erethizontidae,Sphiggurus,Sphiggurus spinosus,Paraguaian Hairy Dwarf Porcupine,1,
GBIF,Mammalia,Rodentia,Cricetidae,Oxymycterus,Oxymycterus delator,Hocicudo-Púrpureo de Paraguay,1,
GBIF,Mammalia,Rodentia,Muridae,Rattus,Rattus rattus,Rata Negra,1,
GBIF,Mammalia,Rodentia,Echimyidae,Kannabateomys,Kannabateomys amblyonyx,Rata tacuarera,1,
GBIF,Mammalia,Didelphimorphia,Didelphidae,Didelphis,Didelphis aurita,Comadreja Orejas Negras,1,
GBIF,Mammalia,Cingulata,Dasypodidae,Dasypus,Dasypus novemcinctus,Armadillo Común | Armadillo (generalizado),1,
GBIF,Mammalia,Cingulata,Dasypodidae,Euphractus,Euphractus sexcinctus,Gualacate,1,
GBIF,Mammalia,Cingulata,Dasypodidae,Chaetophractus,Chaetophractus villosus,Peludo,1,
GBIF,Mammalia,Rodentia,Echimyidae,Thrichomys,Thrichomys pachyurus,Foster's Punare,1,
GBIF,Mammalia,Didelphimorphia,Didelphidae,Cryptonanus,Cryptonanus chacoensis,Comadrejita ágil,1,
GBIF,Mammalia,Chiroptera,Molossidae,Eumops,Eumops patagonicus,Moloso gris de orejas anchas,1,
GBIF,Mammalia,Rodentia,Muridae,Mus,Mus musculus,Bigañuelo,1,
GBIF,Mammalia,Carnivora,Procyonidae,Procyon,Procyon cancrivorus,Cangrejera,1,
GBIF,Mammalia,Didelphimorphia,Didelphidae,Metachirus,Metachirus nudicaudatus,Tlacuache-cuatrojos café,1,
GBIF,Magnoliopsida,Malpighiales,Euphorbiaceae,Sebastiania,Sebastiania brasiliensis,Blanquillo,113,
GBIF,Magnoliopsida,Fabales,Fabaceae,Arachis,Arachis glabrata,Rhizoma peanut,66,
GBIF,Magnoliopsida,Gentianales,Apocynaceae,Forsteronia,Forsteronia pubescens,,64,
GBIF,Magnoliopsida,Sapindales,Meliaceae,Trichilia,Trichilia catigua,Catiguá,61,
GBIF,Magnoliopsida,Solanales,Solanaceae,Solanum,Solanum chacoense,Chaco Potato,57,
GBIF,Magnoliopsida,Piperales,Piperaceae,Piper,Piper amalago,Anisillo,57,
GBIF,Magnoliopsida,Sapindales,Meliaceae,Trichilia,Trichilia pallida,Chanchuwi,53,
GBIF,Magnoliopsida,Ericales,Sapotaceae,Chrysophyllum,Chrysophyllum marginatum,Vasuriña,50,
GBIF,Magnoliopsida,Malpighiales,Malpighiaceae,Alicia,Alicia anisopetala,,46,
GBIF,Magnoliopsida,Malpighiales,Malpighiaceae,Heteropterys,Heteropterys argyrophaea,,45,
GBIF,Magnoliopsida,Sapindales,Meliaceae,Trichilia,Trichilia elegans,Catigua blanca,43,
GBIF,Magnoliopsida,Gentianales,Rubiaceae,Psychotria,Psychotria carthagenensis,Jazmín de la costa,42,
GBIF,Magnoliopsida,Lamiales,Acanthaceae,Ruellia,Ruellia angustiflora,junta-de-cobra,42,
GBIF,Magnoliopsida,Sapindales,Sapindaceae,Serjania,Serjania perulacea,barbasco,40,
GBIF,Magnoliopsida,Asterales,Asteraceae,Campuloclinium,Campuloclinium macrocephalum,Pompón,39,
GBIF,Magnoliopsida,Myrtales,Myrtaceae,Myrcia,Myrcia laruotteana,,39,
GBIF,Magnoliopsida,Malpighiales,Passifloraceae,Passiflora,Passiflora misera,Mburucuyá miní,39,
GBIF,Magnoliopsida,Magnoliales,Annonaceae,Annona,Annona emarginata,Araticú,39,
GBIF,Magnoliopsida,Rosales,Cannabaceae,Celtis,Celtis brasiliensis,,39,
GBIF,Magnoliopsida,Solanales,Solanaceae,Cestrum,Cestrum strigillatum,strigilate cestrum,38,
GBIF,Magnoliopsida,Sapindales,Sapindaceae,Urvillea,Urvillea ulmacea,Hiedra,37,
GBIF,Magnoliopsida,Solanales,Solanaceae,Capsicum,Capsicum baccatum,ají,35,
GBIF,Magnoliopsida,Fabales,Fabaceae,Copaifera,Copaifera langsdorffii,Brazilian diesel tree,35,
GBIF,Magnoliopsida,Lamiales,Bignoniaceae,Pyrostegia,Pyrostegia venusta,Flor de San Juan,35,
GBIF,Magnoliopsida,Laurales,Lauraceae,Ocotea,Ocotea diospyrifolia,Laurel Negro,35,
GBIF,Magnoliopsida,Malpighiales,Salicaceae,Casearia,Casearia sylvestris,Burro caá,35,
GBIF,Magnoliopsida,Fabales,Fabaceae,Parapiptadenia,Parapiptadenia rigida,Anchico,34,
GBIF,Magnoliopsida,Caryophyllales,Amaranthaceae,Gomphrena,Gomphrena celosioides,Bachelor's Button,34,
GBIF,Magnoliopsida,Sapindales,Sapindaceae,Cupania,Cupania vernalis,Camboatá colorado,34,
GBIF,Magnoliopsida,Caryophyllales,Phytolaccaceae,Seguieria,Seguieria aculeata,,34,
GBIF,Magnoliopsida,Sapindales,Meliaceae,Guarea,Guarea macrophylla,Amonkaweye,33,
GBIF,Magnoliopsida,Solanales,Solanaceae,Solanum,Solanum pseudocapsicum,Collar de reina,31,
GBIF,Magnoliopsida,Lamiales,Bignoniaceae,Adenocalymma,Adenocalymma marginatum,,31,
GBIF,Magnoliopsida,Boraginales,Heliotropiaceae,Myriopus,Myriopus salzmannii,,30,
GBIF,Magnoliopsida,Malpighiales,Malpighiaceae,Stigmaphyllon,Stigmaphyllon jatrophifolium,,30,
GBIF,Magnoliopsida,Lamiales,Verbenaceae,Aloysia,Aloysia virgata,Niño Rupá,30,
GBIF,Magnoliopsida,Lamiales,Bignoniaceae,Mansoa,Mansoa difficilis,Cipó-de-cobra,29,
GBIF,Magnoliopsida,Sapindales,Rutaceae,Pilocarpus,Pilocarpus pennatifolius,Yaguarandí,29,
GBIF,Magnoliopsida,Fabales,Polygalaceae,Securidaca,Securidaca ovalifolia,,29,
GBIF,Magnoliopsida,Boraginales,Heliotropiaceae,Heliotropium,Heliotropium transalpinum,pau-de-sapo,29,
GBIF,Magnoliopsida,Celastrales,Celastraceae,Pristimera,Pristimera celastroides,Cancerina,28,
GBIF,Magnoliopsida,Myrtales,Myrtaceae,Psidium,Psidium guajava,Donkila,28,
GBIF,Magnoliopsida,Malpighiales,Malpighiaceae,Dicella,Dicella nucifera,Castanha-de-cipó,28,
GBIF,Magnoliopsida,Laurales,Lauraceae,Nectandra,Nectandra megapotamica,canela,28,
GBIF,Magnoliopsida,Malvales,Malvaceae,Luehea,Luehea divaricata,Azota caballos,28,
GBIF,Magnoliopsida,Sapindales,Sapindaceae,Serjania,Serjania caracasana,cipó-leiteiro,28,
GBIF,Magnoliopsida,Sapindales,Burseraceae,Protium,Protium heptaphyllum,Caraño,28,
GBIF,Magnoliopsida,Gentianales,Apocynaceae,Tabernaemontana,Tabernaemontana catharinensis,Palo víbora,27,
GBIF,Magnoliopsida,Sapindales,Sapindaceae,Serjania,Serjania fuscifolia,cipó-timbó,27,
GBIF,Magnoliopsida,Boraginales,Cordiaceae,Cordia,Cordia americana,guayaibí,27,
GBIF,Magnoliopsida,Lamiales,Bignoniaceae,Fridericia,Fridericia caudigera,,27,
GBIF,Magnoliopsida,Malpighiales,Salicaceae,Casearia,Casearia gossypiosperma,Cambroé,27,
GBIF,Magnoliopsida,Lamiales,Bignoniaceae,Amphilophium,Amphilophium paniculatum,bejuco prieto,26,
GBIF,Magnoliopsida,Lamiales,Acanthaceae,Justicia,Justicia ramulosa,,26,
GBIF,Magnoliopsida,Rosales,Cannabaceae,Trema,Trema micranthum,Capulín cimarrón,25,
GBIF,Magnoliopsida,Malpighiales,Euphorbiaceae,Acalypha,Acalypha communis,akalyfa bežná,25,
GBIF,Magnoliopsida,Malpighiales,Euphorbiaceae,Croton,Croton gracilipes,,25,
GBIF,Magnoliopsida,Gentianales,Apocynaceae,Forsteronia,Forsteronia glabrescens,,25,
GBIF,Magnoliopsida,Ericales,Ebenaceae,Diospyros,Diospyros inconstans,Granadillo,25,
GBIF,Magnoliopsida,Fabales,Fabaceae,Inga,Inga affinis,Imiquil,25,
GBIF,Magnoliopsida,Myrtales,Myrtaceae,Eugenia,Eugenia moraviana,,25,
GBIF,Magnoliopsida,Myrtales,Myrtaceae,Psidium,Psidium guineense,Allpa guayaba,24,
GBIF,Magnoliopsida,Rosales,Rhamnaceae,Gouania,Gouania latifolia,Tampirush naek,24,
GBIF,Magnoliopsida,Lamiales,Bignoniaceae,Dolichandra,Dolichandra unguis-cati,Bejuco de murciélago,24,
GBIF,Magnoliopsida,Solanales,Solanaceae,Solanum,Solanum robustum,Shrubby Nightshade,23,
GBIF,Magnoliopsida,Fabales,Fabaceae,Peltophorum,Peltophorum dubium,caña fístola,23,
GBIF,Magnoliopsida,Malpighiales,Euphorbiaceae,Dalechampia,Dalechampia stipulacea,,23,
GBIF,Magnoliopsida,Gentianales,Rubiaceae,Randia,Randia armata,Chanlla kaspi,23,
GBIF,Magnoliopsida,Myrtales,Myrtaceae,Eugenia,Eugenia pyriformis,perita costeña,23,
GBIF,Magnoliopsida,Malvales,Malvaceae,Guazuma,Guazuma invira,,23,
GBIF,Magnoliopsida,Lamiales,Acanthaceae,Justicia,Justicia rusbyi,,22,
GBIF,Magnoliopsida,Gentianales,Apocynaceae,Macroscepis,Macroscepis grandiflora,,21,
GBIF,Magnoliopsida,Vitales,Vitaceae,Cissus,Cissus verticillata,A’ji no’e,21,
GBIF,Magnoliopsida,Malpighiales,Euphorbiaceae,Alchornea,Alchornea triplinervia,Gakamenewe,21,
GBIF,Magnoliopsida,Myrtales,Myrtaceae,Plinia,Plinia rivularis,Ibaporoití,21,
GBIF,Magnoliopsida,Myrtales,Myrtaceae,Eugenia,Eugenia uniflora,cerezo de Cayena,21,
GBIF,Magnoliopsida,Myrtales,Myrtaceae,Eugenia,Eugenia myrcianthes,Ubajay,21,
GBIF,Magnoliopsida,Gentianales,Apocynaceae,Prestonia,Prestonia cyaniphylla,,21,
GBIF,Magnoliopsida,Caryophyllales,Phytolaccaceae,Rivina,Rivina humilis,Bajatripa,20,
GBIF,Magnoliopsida,Lamiales,Acanthaceae,Justicia,Justicia brasiliana,Jacobina-vermelha,20,
GBIF,Magnoliopsida,Sapindales,Sapindaceae,Diatenopteryx,Diatenopteryx sorbifolia,Maria Preta,20,
GBIF,Magnoliopsida,Santalales,Viscaceae,Phoradendron,Phoradendron bathyoryctum,Liga del Tala,20,
GBIF,Magnoliopsida,Myrtales,Myrtaceae,Eugenia,Eugenia repanda,Arrayán negro,20,
GBIF,Magnoliopsida,Lamiales,Bignoniaceae,Fridericia,Fridericia triplinervia,,20,
GBIF,Magnoliopsida,Sapindales,Sapindaceae,Thinouia,Thinouia paraguayensis,,20,
GBIF,Magnoliopsida,Lamiales,Verbenaceae,Verbena,Verbena peruviana,,19,
GBIF,Magnoliopsida,Rosales,Cannabaceae,Celtis,Celtis iguanaea,Tala gateador,19,
GBIF,Magnoliopsida,Asterales,Asteraceae,Vernonanthura,Vernonanthura chamaedrys,Assapeixe-branco,19,
GBIF,Magnoliopsida,Lamiales,Bignoniaceae,Handroanthus,Handroanthus impetiginosum,Amapa,19,
GBIF,Magnoliopsida,Myrtales,Myrtaceae,Eugenia,Eugenia hiemalis,Guamirim-aperta-cu,19,
GBIF,Magnoliopsida,Ericales,Primulaceae,Myrsine,Myrsine umbellata,Capororoca,19,
GBIF,Magnoliopsida,Myrtales,Myrtaceae,Myrcianthes,Myrcianthes pungens,guaviyú,18,
GBIF,Magnoliopsida,Sapindales,Rutaceae,Zanthoxylum,Zanthoxylum fagara,Sasafrás,18,
GBIF,Magnoliopsida,Lamiales,Verbenaceae,Aloysia,Aloysia gratissima,Cedrón de monte,18,
GBIF,Magnoliopsida,Myrtales,Myrtaceae,Eugenia,Eugenia psidiiflora,,18,
GBIF,Magnoliopsida,Myrtales,Myrtaceae,Eugenia,Eugenia punicifolia,Murta,18,
GBIF,Magnoliopsida,Laurales,Lauraceae,Ocotea,Ocotea puberula,Laurel Guaica,18,
GBIF,Magnoliopsida,Malvales,Malvaceae,Luehea,Luehea candicans,Açoita-cavalo,18,
GBIF,Magnoliopsida,Asterales,Asteraceae,Baccharis,Baccharis linearifolia,,18,
GBIF,Magnoliopsida,Malpighiales,Violaceae,Pombalia,Pombalia bigibbosa,,18,
GBIF,Liliopsida,Poales,Poaceae,Zea,Zea mays,Coronta o Panocha,20,
GBIF,Liliopsida,Poales,Poaceae,Lasiacis,Lasiacis maculata,Carrizo,19,
GBIF,Liliopsida,Poales,Poaceae,Pharus,Pharus lappulaceus,guizazo de perro,19,
GBIF,Liliopsida,Poales,Poaceae,Olyra,Olyra ciliatifolia,,19,
GBIF,Liliopsida,Poales,Poaceae,Panicum,Panicum millegrana,capim-enxugador-grado,18,
GBIF,Liliopsida,Poales,Cyperaceae,Cyperus,Cyperus incomtus,,17,
GBIF,Liliopsida,Dioscoreales,Dioscoreaceae,Dioscorea,Dioscorea multiflora,inhame-de-espinho,15,
GBIF,Liliopsida,Poales,Cyperaceae,Bulbostylis,Bulbostylis sphaerocephala,,14,
GBIF,Liliopsida,Zingiberales,Marantaceae,Maranta,Maranta sobolifera,,13,
GBIF,Liliopsida,Poales,Poaceae,Paspalum,Paspalum guenoarum,pasto rojo,13,
GBIF,Liliopsida,Asparagales,Orchidaceae,Eulophia,Eulophia maculata,Orquídea monja africana,13,
GBIF,Liliopsida,Poales,Poaceae,Melinis,Melinis repens,Cola de zorra africana,12,
GBIF,Liliopsida,Poales,Eriocaulaceae,Syngonanthus,Syngonanthus caulescens,,11,
GBIF,Liliopsida,Poales,Poaceae,Digitaria,Digitaria balansae,,11,
GBIF,Liliopsida,Poales,Poaceae,Digitaria,Digitaria insularis,Long Grass,10,
GBIF,Liliopsida,Poales,Poaceae,Oplismenus,Oplismenus compositus,Awned Panick Grass,9,
GBIF,Liliopsida,Poales,Poaceae,Andropogon,Andropogon bicornis,barbas de indio,9,
GBIF,Liliopsida,Poales,Cyperaceae,Cyperus,Cyperus laxus,Canoccoe’cho,9,
GBIF,Liliopsida,Asparagales,Orchidaceae,Campylocentrum,Campylocentrum neglectum,,9,
GBIF,Liliopsida,Poales,Poaceae,Ichnanthus,Ichnanthus inconstans,,9,
GBIF,Liliopsida,Alismatales,Alismataceae,Aquarius,Aquarius floribundus,,8,
GBIF,Liliopsida,Commelinales,Commelinaceae,Commelina,Commelina erecta,Cantillo,8,
GBIF,Liliopsida,Commelinales,Pontederiaceae,Pontederia,Pontederia crassipes,Buchón,8,
GBIF,Liliopsida,Poales,Poaceae,Megathyrsus,Megathyrsus maximus,Camalote,8,
GBIF,Liliopsida,Poales,Poaceae,Paspalum,Paspalum rufum,大雀稗,8,
GBIF,Liliopsida,Poales,Bromeliaceae,Ananas,Ananas comosus,Achupalla,8,
GBIF,Liliopsida,Poales,Eriocaulaceae,Eriocaulon,Eriocaulon magnum,,7,
GBIF,Liliopsida,Arecales,Arecaceae,Acrocomia,Acrocomia totai,Macaúba,7,
GBIF,Liliopsida,Poales,Poaceae,Otachyrium,Otachyrium versicolor,,7,
GBIF,Liliopsida,Poales,Poaceae,Schizachyrium,Schizachyrium microstachyum,Pasto colorado,7,
GBIF,Liliopsida,Poales,Poaceae,Pseudechinolaena,Pseudechinolaena polystachya,鈎毛草,7,
GBIF,Liliopsida,Poales,Poaceae,Eustachys,Eustachys distichophylla,pasto borla,7,
GBIF,Liliopsida,Liliales,Smilacaceae,Smilax,Smilax campestris,Zarzaparrilla Negra,7,
GBIF,Liliopsida,Alismatales,Alismataceae,Aquarius,Aquarius longiscapus,,6,
GBIF,Liliopsida,Poales,Xyridaceae,Xyris,Xyris jupicai,Richard's Yellow-eyed Grass,6,
GBIF,Liliopsida,Poales,Poaceae,Panicum,Panicum repens,cañota,6,
GBIF,Liliopsida,Poales,Poaceae,Oplismenus,Oplismenus hirtellus,Pasto sombra,6,
GBIF,Liliopsida,Dioscoreales,Dioscoreaceae,Dioscorea,Dioscorea hassleriana,cará,6,
GBIF,Liliopsida,Commelinales,Pontederiaceae,Pontederia,Pontederia cordata,Pickerel-weed,6,
GBIF,Liliopsida,Poales,Poaceae,Panicum,Panicum olyroides,paja peluda,6,
GBIF,Liliopsida,Poales,Bromeliaceae,Bromelia,Bromelia balansae,cardo gancho,6,
GBIF,Liliopsida,Alismatales,Alismataceae,Sagittaria,Sagittaria montevidensis,Aztec arrowhead,6,
GBIF,Liliopsida,Poales,Cyperaceae,Cyperus,Cyperus brasiliensis,Ascolepis du Brésil,6,
GBIF,Liliopsida,Poales,Bromeliaceae,Tillandsia,Tillandsia tenuifolia,Narrowleaf Airplant,5,
GBIF,Liliopsida,Poales,Poaceae,Dichanthelium,Dichanthelium sabulorum,American panic grass,5,
GBIF,Liliopsida,Poales,Mayacaceae,Mayaca,Mayaca sellowiana,maiacá,5,
GBIF,Liliopsida,Commelinales,Commelinaceae,Commelina,Commelina diffusa,erva-menina,5,
GBIF,Liliopsida,Poales,Poaceae,Panicum,Panicum pedersenii,capim-furachão,5,
GBIF,Liliopsida,Poales,Poaceae,Steinchisma,Steinchisma laxum,Lax Panicgrass,5,
GBIF,Liliopsida,Poales,Poaceae,Setaria,Setaria vulpiseta,zacate carrizo,5,
GBIF,Liliopsida,Poales,Poaceae,Digitaria,Digitaria horizontalis,Guardarrocio,5,
GBIF,Liliopsida,Poales,Poaceae,Digitaria,Digitaria singularis,,5,
GBIF,Liliopsida,Commelinales,Commelinaceae,Dichorisandra,Dichorisandra hexandra,Dedo,5,
GBIF,Liliopsida,Poales,Bromeliaceae,Tillandsia,Tillandsia lorentziana,cravo-do-mato,4,
GBIF,Liliopsida,Poales,Poaceae,Paspalum,Paspalum urvillei,Camalote aglomerado sudamericano,4,
GBIF,Liliopsida,Poales,Poaceae,Axonopus,Axonopus compressus,alfombra,4,
GBIF,Liliopsida,Poales,Poaceae,Axonopus,Axonopus fissifolius,gramalote,4,
GBIF,Liliopsida,Poales,Cyperaceae,Scleria,Scleria latifolia,Zèb kouto,4,
GBIF,Liliopsida,Arecales,Arecaceae,Butia,Butia arenicola,,4,
GBIF,Liliopsida,Arecales,Arecaceae,Copernicia,Copernicia alba,Caranday,4,
GBIF,Amphibia,Anura,Bufonidae,Melanophryniscus,Melanophryniscus stelzneri,Redbelly Toad,152,
GBIF,Amphibia,Anura,Hylidae,Lysapsus,Lysapsus limellum,,12,
GBIF,Amphibia,Anura,Bufonidae,Rhinella,Rhinella diptycha,Cururú,9,
GBIF,Amphibia,Anura,Leptodactylidae,Adenomera,Adenomera diptyx,Chacoan Tropical Bullfrog,7,
GBIF,Amphibia,Anura,Microhylidae,Elachistocleis,Elachistocleis bicolor,Rana Pinguino,5,
GBIF,Amphibia,Anura,Hylidae,Dendropsophus,Dendropsophus nanus,Ranita trepadora enana,5,
GBIF,Amphibia,Anura,Hylidae,Boana,Boana raniceps,Rana Arborea Meridional,4,
GBIF,Amphibia,Anura,Hylidae,Scinax,Scinax fuscovarius,Fuscous-blotched Treefrog,3,
GBIF,Amphibia,Anura,Hylidae,Osteopilus,Osteopilus ocellatus,Jamaican Laughing Frog,3,
GBIF,Amphibia,Anura,Bufonidae,Melanophryniscus,Melanophryniscus fulvoguttatus,Spotted Red-belly Toad,2,
GBIF,Amphibia,Anura,Leptodactylidae,Physalaemus,Physalaemus biligonigerus,Rana llorona,2,
GBIF,Amphibia,Anura,Bufonidae,Rhinella,Rhinella fernandezae,,2,
GBIF,Amphibia,Anura,Leptodactylidae,Adenomera,Adenomera guarani,,1,
GBIF,Amphibia,Anura,Leptodactylidae,Physalaemus,Physalaemus cuvieri,Barker Frog,1,
GBIF,Amphibia,Anura,Hylidae,Pseudis,Pseudis paradoxa,Swimming Frog,1,
GBIF,Amphibia,Anura,Leptodactylidae,Leptodactylus,Leptodactylus chaquensis,Leptodactyle du Chaco (Le),1,
GBIF,Amphibia,Anura,Leptodactylidae,Leptodactylus,Leptodactylus podicipinus,Rana puntiaguda espumera,1,
GBIF,Amphibia,Anura,Leptodactylidae,Leptodactylus,Leptodactylus elenae,Rana de elena,1,
GBIF,Insecta,Coleoptera,Staphylinidae,Anotylus,Anotylus insignitus,,48,
GBIF,Insecta,Coleoptera,Curculionidae,Aracanthus,Aracanthus robustus,,42,
GBIF,Insecta,Lepidoptera,Notodontidae,Hemiceras,Hemiceras soso,,41,
GBIF,Insecta,Thysanoptera,Thripidae,Arorathrips,Arorathrips mexicanus,Thrip,25,
GBIF,Insecta,Hymenoptera,Formicidae,Solenopsis,Solenopsis invicta,Hormiga roja argentina de fuego,19,
GBIF,Insecta,Orthoptera,Acrididae,Neopedies,Neopedies gigas,,13,
GBIF,Insecta,Hymenoptera,Formicidae,Solenopsis,Solenopsis macdonaghi,,13,
GBIF,Insecta,Hymenoptera,Megachilidae,Megachile,Megachile curvipes,,10,
GBIF,Insecta,Hymenoptera,Halictidae,Augochlorella,Augochlorella tredecim,,10,
GBIF,Insecta,Orthoptera,Acrididae,Neopedies,Neopedies guarani,,10,
GBIF,Insecta,Orthoptera,Acrididae,Ronderosia,Ronderosia cinctipes,,10,
GBIF,Insecta,Diptera,Culicidae,Sabethes,Sabethes quasicyaneus,,9,
GBIF,Insecta,Coleoptera,Staphylinidae,Terataki,Terataki badiipenne,,8,
GBIF,Insecta,Hymenoptera,Halictidae,Pseudagapostemon,Pseudagapostemon arenarius,,8,
GBIF,Insecta,Diptera,Culicidae,Sabethes,Sabethes albiprivus,,8,
GBIF,Insecta,Coleoptera,Curculionidae,Eudiagogus,Eudiagogus episcopalis,Burrito del seibillo,7,
GBIF,Insecta,Hymenoptera,Apidae,Bombus,Bombus brasiliensis,Abejorro de Brasil,7,
GBIF,Insecta,Orthoptera,Acrididae,Eutryxalis,Eutryxalis filata,,7,
GBIF,Insecta,Coleoptera,Curculionidae,Hyphantus,Hyphantus argentinensis,,6,
GBIF,Insecta,Odonata,Libellulidae,Miathyria,Miathyria marcella,Rayadora del jacinto,6,
GBIF,Insecta,Diptera,Culicidae,Sabethes,Sabethes glaucodaemon,,6,
GBIF,Insecta,Orthoptera,Acrididae,Rhammatocerus,Rhammatocerus brasiliensis,,6,
GBIF,Insecta,Orthoptera,Acrididae,Atrachelacris,Atrachelacris unicolor,,6,
GBIF,Insecta,Orthoptera,Acrididae,Ronderosia,Ronderosia dubia,,6,
GBIF,Insecta,Lepidoptera,Saturniidae,Automeris,Automeris amoena,Mòt Saturno,6,
GBIF,Insecta,Orthoptera,Acrididae,Scotussa,Scotussa cliens,Tucura del falso caraguatá,6,
GBIF,Insecta,Hemiptera,Membracidae,Cyphonia,Cyphonia clavata,Ant-mimicking Treehopper,6,
GBIF,Insecta,Coleoptera,Cerambycidae,Fissapoda,Fissapoda barbicrus,,6,
GBIF,Insecta,Odonata,Libellulidae,Erythrodiplax,Erythrodiplax umbrata,Rayadora de bandas negras,5,
GBIF,Insecta,Orthoptera,Acrididae,Dichroplus,Dichroplus exilis,,5,
GBIF,Insecta,Lepidoptera,Sphingidae,Xylophanes,Xylophanes elara,,5,
GBIF,Insecta,Lepidoptera,Sphingidae,Protambulyx,Protambulyx astygonus,,5,
GBIF,Insecta,Hymenoptera,Apidae,Trigona,Trigona spinipes,Abeja sin aguijón de patas espinosas,5,
GBIF,Insecta,Coleoptera,Staphylinidae,Philonthus,Philonthus spec,,5,
GBIF,Insecta,Lepidoptera,Saturniidae,Adeloneivaia,Adeloneivaia muelleri,,4,
GBIF,Insecta,Coleoptera,Scarabaeidae,Macrodactylus,Macrodactylus pallens,,4,
GBIF,Insecta,Hymenoptera,Formicidae,Ectatomma,Ectatomma tuberculatum,Hormiga de grandes mandíbulas,4,
GBIF,Insecta,Hymenoptera,Sphecidae,Eremnophila,Eremnophila opulenta,,4,
GBIF,Insecta,Hymenoptera,Scelionidae,Calliscelio,Calliscelio bisulcatus,,4,
GBIF,Insecta,Mantodea,Acanthopidae,Acontista,Acontista aurantiaca,kudlanka oranžová,4,
GBIF,Insecta,Diptera,Culicidae,Sabethes,Sabethes chloropterus,,4,
GBIF,Insecta,Orthoptera,Romaleidae,Prionolopha,Prionolopha serrata,,4,
GBIF,Insecta,Orthoptera,Romaleidae,Zoniopoda,Zoniopoda omnicolor,,4,
GBIF,Insecta,Lepidoptera,Sphingidae,Callionima,Callionima inuus,,4,
GBIF,Insecta,Lepidoptera,Saturniidae,Hyperchiria,Hyperchiria orodina,,4,
GBIF,Insecta,Lepidoptera,Saturniidae,Cicia,Cicia pamala,,4,
GBIF,Insecta,Coleoptera,Scarabaeidae,Eurysternus,Eurysternus parallelus,,4,
GBIF,Insecta,Lepidoptera,Hesperiidae,Pyrgus,Pyrgus oileus,Tropical Checkered Skipper,4,
GBIF,Insecta,Orthoptera,Acrididae,Ronderosia,Ronderosia bergii,,4,
GBIF,Insecta,Coleoptera,Staphylinidae,Diochus,Diochus schaumii,,4,
GBIF,Insecta,Coleoptera,Staphylinidae,Diochus,Diochus hanagarthi,,4,
GBIF,Insecta,Coleoptera,Scarabaeidae,Gymnetis,Gymnetis pantherina,Rorschach Flower Scarab,3,
GBIF,Insecta,Coleoptera,Scarabaeidae,Allorrhina,Allorrhina menetriesi,,3,
GBIF,Insecta,Coleoptera,Scarabaeidae,Canthon,Canthon smaragdulus,,3,
GBIF,Insecta,Lepidoptera,Erebidae,Robinsonia,Robinsonia drechseli,,3,
GBIF,Insecta,Diptera,Cecidomyiidae,Prodiplosis,Prodiplosis hirsuta,,3,
GBIF,Insecta,Coleoptera,Geotrupidae,Bolbapium,Bolbapium sergioidae,,3,
GBIF,Insecta,Coleoptera,Curculionidae,Bosquiella,Bosquiella pubescens,,3,
GBIF,Insecta,Hymenoptera,Apidae,Tetragonisca,Tetragonisca fiebrigi,Yateí del sur,3,
GBIF,Insecta,Hymenoptera,Apidae,Melipona,Melipona quadrifasciata,Abeja melipona,3,
GBIF,Insecta,Hymenoptera,Sphecidae,Sphex,Sphex servillei,,3,
GBIF,Insecta,Hymenoptera,Halictidae,Augochlorella,Augochlorella ephyra,,3,
GBIF,Insecta,Odonata,Aeshnidae,Triacanthagyna,Triacanthagyna nympha,Nymph Duskhawker,3,
GBIF,Insecta,Diptera,Culicidae,Haemagogus,Haemagogus leucocelaenus,,3,
GBIF,Insecta,Orthoptera,Tettigoniidae,Phylloptera,Phylloptera fosteri,,3,
GBIF,Insecta,Orthoptera,Acrididae,Staurorhectus,Staurorhectus longicornis,,3,
GBIF,Insecta,Orthoptera,Acrididae,Ronderosia,Ronderosia paraguayensis,,3,
GBIF,Insecta,Lepidoptera,Sphingidae,Manduca,Manduca rustica,Rustic Sphinx,3,
GBIF,Insecta,Lepidoptera,Lycaenidae,Arawacus,Arawacus separata,,3,
GBIF,Insecta,Lepidoptera,Hesperiidae,Pyrrhopyge,Pyrrhopyge pelota,Pelota Firetip,3,
GBIF,Insecta,Lepidoptera,Hesperiidae,Antigonus,Antigonus erosus,Festoneada Lila,3,
GBIF,Insecta,Coleoptera,Scarabaeidae,Eurysternus,Eurysternus aeneus,,3,
GBIF,Insecta,Coleoptera,Curculionidae,Polyteles,Polyteles guerini,,3,
GBIF,Insecta,Hymenoptera,Formicidae,Camponotus,Camponotus cingulatus,,3,
GBIF,Insecta,Hymenoptera,Formicidae,Solenopsis,Solenopsis saevissima,Red ant,3,
GBIF,Insecta,Lepidoptera,Nymphalidae,Anartia,Anartia amathea,Mariposa pavo real roja,3,
GBIF,Insecta,Lepidoptera,Sesiidae,Sesia,Biblis hyperia,Alas Sangrantes,3,
GBIF,Insecta,Lepidoptera,Nymphalidae,Danaus,Danaus gilippus,Mariposa reina,3,
GBIF,Insecta,Hemiptera,Reduviidae,Triatoma,Triatoma infestans,Chichá,3,
GBIF,Insecta,Hemiptera,Reduviidae,Triatoma,Triatoma sordida,Barbeiro,3,
GBIF,Insecta,Hemiptera,Cicadidae,Quesada,Quesada gigas,Chicharra gigante,3,
GBIF,Insecta,Blattodea,Termitidae,Aparatermes,Aparatermes abbreviatus,,3,
GBIF,Insecta,Lepidoptera,Saturniidae,Oiticella,Oiticella convergens,,2,
GBIF,Insecta,Lepidoptera,Nymphalidae,Catagramma,Callicore sorana,,2,
GBIF,Insecta,Coleoptera,Staphylinidae,Tetradonia,Tetradonia bruchi,,2,
GBIF,Insecta,Coleoptera,Scarabaeidae,Coelosis,Coelosis hippocrates,,2,
GBIF,Insecta,Coleoptera,Scarabaeidae,Gymnetis,Gymnetis bomplandi,,2,
GBIF,Insecta,Coleoptera,Scarabaeidae,Canthon,Canthon unicolor,,2,
GBIF,Insecta,Coleoptera,Cerambycidae,Neoclytus,Neoclytus pusillus,,2,
GBIF,Insecta,Lepidoptera,Sphingidae,Nyceryx,Nyceryx alophus,,2,
GBIF,Insecta,Lepidoptera,Erebidae,Gloora,Gloora mundula,,2,
GBIF,Insecta,Coleoptera,Curculionidae,Euplatypus,Euplatypus hians,,2,
GBIF,Insecta,Hymenoptera,Ichneumonidae,Ophion,Ophion flavidus,,2,
GBIF,Insecta,Hymenoptera,Eumenidae,Polistes,Polistes canadensis,Avispa papelera colorada,2,
GBIF,Insecta,Hymenoptera,Eumenidae,Polistes,Polistes cavapyta,Avispa colorada de cabeza amarilla,2,
GBIF,Insecta,Hymenoptera,Formicidae,Ectatomma,Ectatomma edentatum,,2,
GBIF,Insecta,Hymenoptera,Formicidae,Brachymyrmex,Brachymyrmex cordemoyi,Amerikaanse negenspriet,2,
GBIF,Insecta,Hymenoptera,Formicidae,Pachycondyla,Pachycondyla striata,Come-cobra,2,
GBIF,Insecta,Hymenoptera,Formicidae,Cylindromyrmex,Cylindromyrmex brasiliensis,,2,
GBIF,Insecta,Hymenoptera,Formicidae,Pseudomyrmex,Pseudomyrmex rufiventris,,2,
iNat,Amphibia,,,Rhinella,Rhinella diptycha,Cururu Toad,12,
iNat,Aves,,,Daptrius,Daptrius chimachima,Yellow-headed Caracara,10,
iNat,Plantae,,,Jungia,Jungia floribunda,,10,
iNat,Arachnida,,,Philira,Philira micans,,10,
iNat,Insecta,,,Zoniopoda,Zoniopoda omnicolor,,7,
iNat,Plantae,,,Eugenia,Eugenia uniflora,Surinam cherry,7,
iNat,Aves,,,Coragyps,Coragyps atratus,Black Vulture,6,
iNat,Plantae,,,Adiantopsis,Adiantopsis radiata,,6,
iNat,Plantae,,,Glandularia,Glandularia peruviana,Peruvian Mock Vervain,5,
iNat,Reptilia,,,Tropidurus,Tropidurus guarani,Guarani Spiny Lizard,5,
iNat,Plantae,,,Solanum,Solanum viarum,tropical soda-apple,5,
iNat,Plantae,,,Eugenia,Eugenia myrcianthes,,5,
iNat,Aves,,,Trogon,Trogon curucui,Blue-crowned Trogon,5,
iNat,Plantae,,,Praecereus,Praecereus euchlorus,,5,
iNat,Insecta,,,Burnsius,Burnsius orcus,Orcus Checkered-Skipper,5,
iNat,Plantae,,,Solanum,Solanum sisymbriifolium,Red Buffalo-bur,5,
iNat,Fungi,,,Trametes,Trametes sanguinea,Cinnabar Bracket,5,
iNat,Insecta,,,Erythrodiplax,Erythrodiplax umbrata,Band-winged Dragonlet,5,
iNat,Aves,,,Pteroglossus,Pteroglossus castanotis,Chestnut-eared Aracari,4,
iNat,Amphibia,,,Elachistocleis,Elachistocleis bicolor,Two-colored oval frog,4,
iNat,Insecta,,,Battus,Battus polydamas,Polydamas Swallowtail,4,
iNat,Aves,,,Vanellus,Vanellus chilensis,Southern Lapwing,4,
iNat,Insecta,,,Morpho,Morpho helenor,Common Morpho,4,
iNat,Aves,,,Cyanocorax,Cyanocorax chrysops,Plush-crested Jay,4,
iNat,Aves,,,Nyctibius,Nyctibius griseus,Common Potoo,4,
iNat,Plantae,,,Stachytarpheta,Stachytarpheta cayennensis,Rattail,4,
iNat,Insecta,,,Anartia,Anartia amathea,Red Peacock,4,
iNat,Insecta,,,Prionolopha,Prionolopha serrata,,4,
iNat,Arachnida,,,Argiope,Argiope argentata,Silver Garden Orbweaver,4,
iNat,Plantae,,,Petiveria,Petiveria alliacea,Guinea Hen Weed,4,
iNat,Insecta,,,Biblis,Biblis hyperia,Southern Red Rim,4,
iNat,Plantae,,,Copaifera,Copaifera langsdorffii,Langsdorf's Copaifera,4,
iNat,Plantae,,,Copernicia,Copernicia alba,Caranday Palm,4,
iNat,Aves,,,Pseudoleistes,Pseudoleistes guirahuro,Yellow-rumped Marshbird,4,
iNat,Plantae,,,Plinia,Plinia cauliflora,Jaboticaba,4,
iNat,Plantae,,,Ruellia,Ruellia angustiflora,,3,
iNat,Insecta,,,Callicore,Callicore sorana,eighty butterfly,3,
iNat,Amphibia,,,Scinax,Scinax fuscovarius,Fuscous-blotched Snouted Tree Frog,3,
iNat,Insecta,,,Callicore,Callicore hydaspes,Hydaspes Eighty-Eight,3,
iNat,Insecta,,,Enoplocerus,Enoplocerus armillatus,Giant Imperious Sawyer,3,
iNat,Arachnida,,,Alpaida,Alpaida carminea,,3,
iNat,Aves,,,Syrigma,Syrigma sibilatrix,Whistling Heron,3,
iNat,Arachnida,,,Krateromaspis,Krateromaspis dilatata,,3,
iNat,Arachnida,,,Alpaida,Alpaida rubellula,,3,
iNat,Plantae,,,Acrocomia,Acrocomia totai,totai palm,3,
iNat,Plantae,,,Justicia,Justicia laevilinguis,,3,
iNat,Mammalia,,,Cerdocyon,Cerdocyon thous,Crab-eating Fox,3,
iNat,Plantae,,,Cybistax,Cybistax antisyphilitica,,3,
iNat,Plantae,,,Peltophorum,Peltophorum dubium,Yellow Poinciana,3,
iNat,Insecta,,,Dione,Dione vanillae,Gulf Fritillary,3,
iNat,Reptilia,,,Salvator,Salvator merianae,Argentine Black-and-white Tegu,3,
iNat,Aves,,,Chlorostilbon,Chlorostilbon lucidus,Glittering-bellied Emerald,3,
iNat,Insecta,,,Tetragonisca,Tetragonisca fiebrigi,Fiebrig's Stingless Bee,3,
iNat,Plantae,,,Solanum,Solanum granulosoleprosum,,3,
iNat,Insecta,,,Ortilia,Ortilia ithra,Ithra Crescent,3,
iNat,Plantae,,,Thaumatophyllum,Thaumatophyllum petraeum,,3,
iNat,Plantae,,,Tabernaemontana,Tabernaemontana catharinensis,,3,
iNat,Plantae,,,Trichocentrum,Trichocentrum pumilum,,3,
iNat,Plantae,,,Commelina,Commelina erecta,whitemouth dayflower,3,
iNat,Plantae,,,Luehea,Luehea divaricata,,3,
iNat,Plantae,,,Allophylus,Allophylus edulis,cocum,3,
iNat,Plantae,,,Begonia,Begonia cucullata,Wax begonia,3,
iNat,Insecta,,,Antigonus,Antigonus erosus,Common Spurwing,3,
iNat,Aves,,,Crotophaga,Crotophaga ani,Smooth-billed Ani,3,
iNat,Plantae,,,Maytenus,Maytenus ilicifolia,,3,
iNat,Arachnida,,,Kukulcania,Kukulcania hibernalis,Southern House Spider,3,
iNat,Insecta,,,Doxocopa,Doxocopa kallina,,3,
iNat,Insecta,,,Arawacus,Arawacus separata,Separated Stripestreak,3,
iNat,Insecta,,,Heraclides,Heraclides astyalus,Astyalus Swallowtail,3,
iNat,Insecta,,,Allorrhina,Allorrhina menetriesi,,3,
iNat,Insecta,,,Gymnetis,Gymnetis pantherina,Rorschach Flower Scarab,3,
iNat,Amphibia,,,Melanophryniscus,Melanophryniscus fulvoguttatus,Spotted Red-belly Toad,2,
iNat,Mammalia,,,Didelphis,Didelphis albiventris,White-eared Opossum,2,
iNat,Plantae,,,Dichorisandra,Dichorisandra hexandra,,2,
iNat,Plantae,,,Justicia,Justicia brasiliana,,2,
iNat,Plantae,,,Myrcianthes,Myrcianthes pungens,,2,
iNat,Insecta,,,Hamadryas,Hamadryas februa,Gray Cracker,2,
iNat,Reptilia,,,Hemidactylus,Hemidactylus mabouia,Tropical House Gecko,2,
iNat,Arachnida,,,Menemerus,Menemerus bivittatus,Gray Wall Jumping Spider,2,
iNat,Plantae,,,Araujia,Araujia plumosa,,2,
iNat,Insecta,,,Ascalapha,Ascalapha odorata,Black Witch,2,
iNat,Aves,,,Brotogeris,Brotogeris chiriri,Yellow-chevroned Parakeet,2,
iNat,Insecta,,,Callionima,Callionima inuus,,2,
iNat,Plantae,,,Carica,Carica papaya,Papaya,2,
iNat,Mammalia,,,Coendou,Coendou spinosus,Orange-spined Hairy Dwarf Porcupine,2,
iNat,Arachnida,,,Nhandu,Nhandu carapoensis,Brazilian Red Tarantula,2,
iNat,Reptilia,,,Bothrops,Bothrops diporus,Painted Lancehead,2,
iNat,Plantae,,,Passiflora,Passiflora capsularis,,2,
iNat,Plantae,,,Cassia,Cassia fistula,Golden Shower Tree,2,
iNat,Insecta,,,Cissia,Cissia eous,,2,
iNat,Insecta,,,Chromacris,Chromacris speciosa,Soldier Grasshopper,2,
iNat,Aves,,,Troglodytes,Troglodytes musculus,Southern House Wren,2,
iNat,Plantae,,,Bromelia,Bromelia balansae,Heart of Flame,2,
iNat,Plantae,,,Pontederia,Pontederia azurea,anchored water hyacinth,2,
iNat,Reptilia,,,Philodryas,Philodryas patagoniensis,Patagonian Racer,2,
iNat,Plantae,,,Cereus,Cereus lanosus,,2,
iNat,Plantae,,,Thaumatophyllum,Thaumatophyllum undulatum,,2,
iNat,Plantae,,,Trichilia,Trichilia pallida,,2,
iNat,Plantae,,,Taquara,Taquara micrantha,,2,
iNat,Aves,,,Athene,Athene cunicularia,Burrowing Owl,2,
iNat,Insecta,,,Dysschema,Dysschema sacrifica,,2,
iNat,Fungi,,,Phallus,Phallus indusiatus,bridal veil stinkhorn,2,
iNat,Plantae,,,Hedychium,Hedychium coronarium,Butterfly ginger lily,2,
iNat,Insecta,,,Polistes,Polistes canadensis,Neotropical Red Paper Wasp,2,
iNat,Insecta,,,Quesada,Quesada gigas,Giant Cicada,2,
iNat,Plantae,,,Cipura,Cipura paludosa,,2,
iNat,Plantae,,,Pluchea,Pluchea sagittalis,Wingstem Camphorweed,2,
iNat,Reptilia,,,Teius,Teius teyou,Four-toed Tegu,2,
iNat,Insecta,,,Chiothion,Chiothion asychis,White-patched Skipper,2,
iNat,Plantae,,,Melia,Melia azedarach,Chinaberry,2,
iNat,Plantae,,,Buddleja,Buddleja stachyoides,Argentine butterfly bush,2,
iNat,Plantae,,,Pyrostegia,Pyrostegia venusta,Flame vine,2,
iNat,Insecta,,,Catagramma,Catagramma pygas,Godart's numberwing,2,
iNat,Reptilia,,,Tropidurus,Tropidurus lagunablanca,Chaco Spiny Lizard,2,
iNat,Insecta,,,Enema,Enema pan,,2,
iNat,Plantae,,,Solanum,Solanum americanum,American black nightshade,2,
iNat,Plantae,,,Anadenanthera,Anadenanthera colubrina,Red Angico,2,
iNat,Mammalia,,,Herpailurus,Herpailurus yagouaroundi,Jaguarundi,2,
iNat,Plantae,,,Zygostates,Zygostates alleniana,,2,
iNat,Plantae,,,Solanum,Solanum palinacanthum,,2,
iNat,Insecta,,,Harmonia,Harmonia axyridis,Asian Lady Beetle,2,
iNat,Plantae,,,Thaumatophyllum,Thaumatophyllum bipinnatifidum,Tree Philodendron,2,
iNat,Insecta,,,Protambulyx,Protambulyx strigilis,Streaked Sphinx,2,
iNat,Plantae,,,Pterogyne,Pterogyne nitens,,2,
iNat,Insecta,,,Manduca,Manduca rustica,Rustic Sphinx,2,
iNat,Aves,,,Amblyramphus,Amblyramphus holosericeus,Scarlet-headed Blackbird,2,
iNat,Insecta,,,Anartia,Anartia jatrophae,White Peacock,2,
iNat,Plantae,,,Syagrus,Syagrus romanzoffiana,Queen palm,2,
iNat,Plantae,,,Cereus,Cereus stenogonus,,2,
iNat,Plantae,,,Ipomoea,Ipomoea indica,oceanblue morning glory,2,
iNat,Insecta,,,Gymnetis,Gymnetis bomplandi,,2,
iNat,Insecta,,,Eurata,Eurata elegans,,2,
iNat,Insecta,,,Phoebis,Phoebis neocypris,Tailed Sulphur,2,
iNat,Arachnida,,,Gypogyna,Gypogyna forceps,,2,
iNat,Aves,,,Rupornis,Rupornis magnirostris,Roadside Hawk,2,
iNat,Insecta,,,Neoclytus,Neoclytus pusillus,,2,
iNat,Insecta,,,Cotyclytus,Cotyclytus curvatus,,2,
iNat,Fungi,,,Favolus,Favolus brasiliensis,,2,
iNat,Plantae,,,Alternanthera,Alternanthera hirtula,,2,
iNat,Aves,,,Falco,Falco sparverius,American Kestrel,1,
iNat,Insecta,,,Strymon,Strymon mulucha,Mottled Scrub-Hairstreak,1,
iNat,Plantae,,,Emilia,Emilia fosbergii,Red Tasselflower,1,
iNat,Insecta,,,Dolichoderus,Dolichoderus bispinosus,,1,
iNat,Insecta,,,Hymenia,Hymenia perspectalis,Spotted Beet Webworm Moth,1,
iNat,Insecta,,,Labidus,Labidus coecus,,1,
iNat,Amphibia,,,Odontophrynus,Odontophrynus asper,,1,
iNat,Insecta,,,Ceroctena,Ceroctena amynta,Emeraldine,1,
iNat,Plantae,,,Tradescantia,Tradescantia boliviana,,1,
iNat,Plantae,,,Justicia,Justicia rusbyi,,1,
iNat,Plantae,,,Solanum,Solanum pseudocapsicum,Jerusalem cherry,1,
iNat,Plantae,,,Brasiliopuntia,Brasiliopuntia brasiliensis,,1,
iNat,Plantae,,,Pharus,Pharus lappulaceus,Creeping Leafstalk Grass,1,
iNat,Reptilia,,,Phalotris,Phalotris matogrossensis,Mato Grosso Burrowing Snake,1,
iNat,Aves,,,Ramphastos,Ramphastos toco,Toco Toucan,1,
iNat,Reptilia,,,Ameiva,Ameiva ameiva,Giant Ameiva,1,
iNat,Insecta,,,Saurita,Saurita cassandra,,1,
iNat,Arachnida,,,Latrodectus,Latrodectus geometricus,Brown Widow,1,
iNat,Plantae,,,Hydrolea,Hydrolea spinosa,Spiny False Fiddleleaf,1,
iNat,Insecta,,,Tetracha,Tetracha brasiliensis,,1,
iNat,Reptilia,,,Apostolepis,Apostolepis dimidiata,Variable Blackhead,1,
iNat,Reptilia,,,Philodryas,Philodryas aestiva,Brazilian Green Racer,1,
iNat,Insecta,,,Leucothyreus,Leucothyreus marginaticollis,,1,
iNat,Insecta,,,Eupyrrhoglossum,Eupyrrhoglossum sagra,Cuban Sphinx,1,
iNat,Plantae,,,Canna,Canna indica,Indian shot,1,
iNat,Insecta,,,Phthiacnemia,Phthiacnemia picta,,1,
iNat,Plantae,,,Sidastrum,Sidastrum paniculatum,panicled sand-mallow,1,
iNat,Aves,,,Turdus,Turdus amaurochalinus,Creamy-bellied Thrush,1,
iNat,Aves,,,Cyanocorax,Cyanocorax cyanomelas,Purplish Jay,1,
iNat,Aves,,,Ictinia,Ictinia mississippiensis,Mississippi Kite,1,
iNat,Arachnida,,,Phoneutria,Phoneutria nigriventer,Brazilian Wandering Spider,1,
iNat,Insecta,,,Synargis,Synargis calyce,False Nymphidium,1,
iNat,Insecta,,,Junonia,Junonia genoveva,Common Mangrove Buckeye,1,
iNat,Aves,,,Cyclarhis,Cyclarhis gujanensis,Rufous-browed Peppershrike,1,
iNat,Insecta,,,Vanessa,Vanessa myrinna,Banded Lady,1,
iNat,Insecta,,,Erinnyis,Erinnyis crameri,Cramer's Sphinx,1,
iNat,Aves,,,Athene,Athene cunicularia cunicularia,Southern Burrowing Owl,1,
iNat,Aves,,,Asio,Asio clamator,Striped Owl,1,
iNat,Plantae,,,Hypochaeris,Hypochaeris albiflora,white flatweed,1,
iNat,Plantae,,,Pontederia,Pontederia crassipes,common water hyacinth,1,
iNat,Plantae,,,Stemodia,Stemodia verticillata,Whorled Twintip,1,
iNat,Insecta,,,Pachylioides,Pachylioides resumens,Lesser Ficus Sphinx,1,
iNat,Insecta,,,Heraclides,Heraclides hectorides,,1,
iNat,Plantae,,,Myriophyllum,Myriophyllum aquaticum,Parrot's feather,1,
iNat,Plantae,,,Piper,Piper regnellii,,1,
iNat,Plantae,,,Argemone,Argemone mexicana,Mexican prickly poppy,1,
iNat,Aves,,,Megascops,Megascops choliba,Tropical Screech-Owl,1,
iNat,Insecta,,,Achryson,Achryson foersteri,,1,
iNat,Aves,,,Coryphospingus,Coryphospingus cucullatus,Red-crested Finch,1,
iNat,Plantae,,,Calea,Calea clematidea,,1,
iNat,Plantae,,,Capanemia,Capanemia micromera,,1,
iNat,Insecta,,,Apoica,Apoica gelida,,1,
iNat,Plantae,,,Croton,Croton urucurana,,1,
iNat,Aves,,,Thalurania,Thalurania furcata,Fork-tailed Woodnymph,1,
iNat,Plantae,,,Tridax,Tridax procumbens,Tridax Daisy,1,
iNat,Plantae,,,Leonotis,Leonotis nepetifolia,lion's ear,1,
iNat,Plantae,,,Opuntia,Opuntia elata,Riverina pear,1,
iNat,Insecta,,,Erinnyis,Erinnyis ello,Ello Sphinx,1,
iNat,Insecta,,,Sceliphron,Sceliphron fistularium,,1,
iNat,Insecta,,,Carystus,Carystus lota,Lota Skipper,1,
iNat,Insecta,,,Ectatomma,Ectatomma tuberculatum,,1,
iNat,Aves,,,Lochmias,Lochmias nematura,Sharp-tailed Streamcreeper,1,
iNat,Aves,,,Celeus,Celeus lugubris,Pale-crested Woodpecker,1,
iNat,Plantae,,,Passiflora,Passiflora cincinnata,crato passionvine,1,
iNat,Aves,,,Colaptes,Colaptes campestris campestroides,Field Flicker,1,
iNat,Plantae,,,Pityrogramma,Pityrogramma calomelanos,silver fern,1,
iNat,Plantae,,,Austroeupatorium,Austroeupatorium inulifolium,Whiteweed,1,
iNat,Plantae,,,Passiflora,Passiflora edulis,common passionfruit,1,
iNat,Plantae,,,Eulophia,Eulophia maculata,Monk Orchid,1,
iNat,Insecta,,,Doxocopa,Doxocopa linda,,1,
iNat,Aves,,,Guira,Guira guira,Guira Cuckoo,1,
iNat,Plantae,,,Cascabela,Cascabela thevetia,Be-still tree,1,
iNat,Plantae,,,Ceiba,Ceiba speciosa,Silk floss tree,1,
iNat,Plantae,,,Delonix,Delonix regia,Flamboyant,1,
iNat,Plantae,,,Cereus,Cereus hildmannianus,Andes organ pipe cactus,1,
iNat,Insecta,,,Cephalotes,Cephalotes atratus,Common Giant Turtle Ant,1,
iNat,Insecta,,,Eumorpha,Eumorpha vitis,Vine Sphinx,1,
iNat,Aves,,,Tyrannus,Tyrannus melancholicus,Tropical Kingbird,1,
iNat,Actinopterygii,,,Bryconamericus,Bryconamericus exodon,Lemontail Astyanax,1,
iNat,Actinopterygii,,,Rineloricaria,Rineloricaria lanceolata,Chocolate-colored Catfish,1,
iNat,Actinopterygii,,,Osteogaster,Osteogaster aenea,Bronze Cory,1,
iNat,Actinopterygii,,,Parodon,Parodon nasus,Foxnose Characin,1,
iNat,Aves,,,Icterus,Icterus pyrrhopterus,Variable Oriole,1,
iNat,Actinopterygii,,,Hoplias,Hoplias misionera,Snakeskin Wolffish,1,
iNat,Insecta,,,Adelpha,Adelpha iphicleola,Iphicleola Sister,1,
iNat,Arachnida,,,Grammostola,Grammostola pulchripes,Chaco Golden-knee Tarantula,1,
iNat,Plantae,,,Ipomoea,Ipomoea alba,Moonflower,1,
iNat,Insecta,,,Argia,Argia reclusa,,1,
iNat,Plantae,,,Lippia,Lippia lupulina,,1,
iNat,Plantae,,,Turnera,Turnera subulata,Cuban Buttercup,1,
iNat,Plantae,,,Salvia,Salvia guaranitica,Anise-scented sage,1,
iNat,Mammalia,,,Dasyprocta,Dasyprocta azarae,Azara's Agouti,1,
iNat,Insecta,,,Lethocerus,Lethocerus annulipes,,1,
iNat,Plantae,,,Psidium,Psidium guajava,Common guava,1,
iNat,Insecta,,,Enchenopa,Enchenopa squamigera,,1,
iNat,Insecta,,,Atyria,Atyria basina,,1,
iNat,Plantae,,,Chrysophyllum,Chrysophyllum marginatum,,1,
iNat,Plantae,,,Plenckia,Plenckia populnea,,1,
iNat,Plantae,,,Alstroemeria,Alstroemeria psittacina,Peruvian Lily,1,
iNat,Plantae,,,Costus,Costus arabicus,,1,
iNat,Plantae,,,Psychotria,Psychotria leiocarpa,,1,
iNat,Plantae,,,Melinis,Melinis repens,Natal Grass,1,
iNat,Plantae,,,Handroanthus,Handroanthus impetiginosus,pink ipê,1,
iNat,Insecta,,,Melanis,Melanis aegates,,1,
iNat,Aves,,,Nyctidromus,Nyctidromus albicollis,Common Pauraque,1,
iNat,Plantae,,,Abutilon,Abutilon grandifolium,hairy abutilon,1,
iNat,Plantae,,,Kalanchoe,Kalanchoe pinnata,Air Plant,1,
iNat,Plantae,,,Plantago,Plantago rhodosperma,redseed plantain,1,
iNat,Plantae,,,Centratherum,Centratherum punctatum,Brazilian bachelor's button,1,
iNat,Plantae,,,Christella,Christella dentata,Soft Fern,1,
iNat,Plantae,,,Cecropia,Cecropia pachystachya,Pumpwood,1,
iNat,Plantae,,,Eriobotrya,Eriobotrya japonica,Loquat,1,
iNat,Plantae,,,Catharanthus,Catharanthus roseus,Madagascar Periwinkle,1,
iNat,Plantae,,,Tradescantia,Tradescantia zebrina,Zebra Spiderwort,1,
iNat,Insecta,,,Eumorpha,Eumorpha labruscae,Gaudy Sphinx,1,
iNat,Arachnida,,,Micrathena,Micrathena swainsoni,,1,
iNat,Arachnida,,,Aglaoctenus,Aglaoctenus lagotis,,1,
iNat,Insecta,,,Hamadryas,Hamadryas amphinome,Red Cracker,1,
iNat,Fungi,,,Panaeolus,Panaeolus antillarum,,1,
iNat,Arachnida,,,Actinosoma,Actinosoma pentacanthum,,1,
iNat,Fungi,,,Hygrocybe,Hygrocybe miniata,Vermilion Waxcap,1,
iNat,Fungi,,,Oudemansiella,Oudemansiella cubensis,,1,
iNat,Insecta,,,Camponotus,Camponotus sericeiventris,Shimmering Golden Sugar ant,1,
iNat,Insecta,,,Pseudolycaena,Pseudolycaena marsyas,Marsyas Hairstreak,1,
iNat,Insecta,,,Dryadula,Dryadula phaetusa,Banded Orange Heliconian,1,
iNat,Plantae,,,Epiphyllum,Epiphyllum phyllanthus,,1,
iNat,Plantae,,,Luehea,Luehea candicans,,1,
iNat,Insecta,,,Erythemis,Erythemis vesiculosa,Great Pondhawk,1,
iNat,Arachnida,,,Chira,Chira simoni,,1,
iNat,Insecta,,,Pantherodes,Pantherodes pardalaria,,1,
iNat,Aves,,,Sporophila,Sporophila pileata,Pearly-bellied Seedeater,1,
iNat,Aves,,,Sicalis,Sicalis luteola,Grassland Yellow-Finch,1,
iNat,Plantae,,,Trimezia,Trimezia spathata,,1,
iNat,Insecta,,,Coraliomela,Coraliomela brunnea,,1,
iNat,Reptilia,,,Dipsas,Dipsas turgida,Bolivian Snail-eater,1,
iNat,Insecta,,,Morpho,Morpho helenor achillides,,1,
iNat,Plantae,,,Distimake,Distimake cissoides,,1,
iNat,Plantae,,,Prunus,Prunus mume,Flowering Apricot,1,
iNat,Insecta,,,Diabrotica,Diabrotica speciosa,,1,
iNat,Aves,,,Nystalus,Nystalus chacuru,White-eared Puffbird,1,
iNat,Plantae,,,Nicotiana,Nicotiana longiflora,long-flower tobacco,1,
iNat,Insecta,,,Anthanassa,Anthanassa hermas,,1,
iNat,Insecta,,,Achlyodes,Achlyodes busirus,Giant Sicklewing,1,
iNat,Insecta,,,Schistocerca,Schistocerca flavofasciata,,1,
iNat,Insecta,,,Cecropterus,Cecropterus dorantes,Dorantes Longtail,1,
iNat,Plantae,,,Parodia,Parodia nigrispina,,1,
iNat,Plantae,,,Cordia,Cordia trichotoma,,1,
iNat,Plantae,,,Annona,Annona emarginata,,1,
iNat,Fungi,,,Tetrapyrgos,Tetrapyrgos nigripes,Black-stalked Marasmius,1,
iNat,Reptilia,,,Homonota,Homonota rupicola,Enrock Straight-toed Gecko,1,
iNat,Insecta,,,Hoplomutilla,Hoplomutilla spinosa,,1,
iNat,Aves,,,Myiodynastes,Myiodynastes maculatus,Streaked Flycatcher,1,
iNat,Plantae,,,Urolepis,Urolepis hecatantha,,1,
iNat,Plantae,,,Sinningia,Sinningia warmingii,,1,
iNat,Insecta,,,Ministrymon,Ministrymon azia,Gray Ministreak,1,
iNat,Mollusca,,,Megalobulimus,Megalobulimus oblongus,Giant South American Snail,1,
iNat,Mammalia,,,Procyon,Procyon cancrivorus,Crab-eating Raccoon,1,
iNat,Aves,,,Tyto,Tyto furcata,American Barn Owl,1,
iNat,Insecta,,,Hypselonotus,Hypselonotus fulvus,,1,
iNat,Plantae,,,Portulaca,Portulaca umbraticola,wingpod purslane,1,
iNat,Mammalia,,,Alouatta,Alouatta caraya,Black-and-gold Howler Monkey,1,
iNat,Insecta,,,Apis,Apis mellifera,Western Honey Bee,1,
iNat,Plantae,,,Solanum,Solanum glaucophyllum,waxy-leaved nightshade,1,
iNat,Aves,,,Pyrrhura,Pyrrhura frontalis,Maroon-bellied Parakeet,1,
iNat,Insecta,,,Staurorhectus,Staurorhectus longicornis,,1,
iNat,Arachnida,,,Megafreya,Megafreya sutrix,,1,
iNat,Insecta,,,Hyperalonia,Hyperalonia morio,,1,
iNat,Insecta,,,Clarazella,Clarazella bimaculata,,1,
iNat,Insecta,,,Zoniopoda,Zoniopoda tarsata,,1,
iNat,Insecta,,,Calpodes,Calpodes ethlius,Brazilian Skipper,1,
iNat,Insecta,,,Lagria,Lagria villosa,Hairy Darkling Beetle,1,
iNat,Plantae,,,Aechmea,Aechmea bromeliifolia,,1,
iNat,Plantae,,,Pereskia,Pereskia nemorosa,,1,
iNat,Plantae,,,Aloysia,Aloysia gratissima,Whitebrush,1,
iNat,Plantae,,,Tradescantia,Tradescantia cymbispatha,Velvety Spiderwort,1,
iNat,Insecta,,,Olla,Olla v-nigrum,Ashy Gray Lady Beetle,1,
iNat,Insecta,,,Agelaia,Agelaia pallipes,,1,
iNat,Reptilia,,,Micrablepharus,Micrablepharus maximiliani,Maximilian's Blue-tailed Microteiid,1,
iNat,Arachnida,,,Hogna,Hogna gumia,,1,
iNat,Mammalia,,,Sylvilagus,Sylvilagus brasiliensis,Common Tapeti,1,
iNat,Plantae,,,Melothria,Melothria pendula,creeping cucumber,1,
iNat,Insecta,,,Catonephele,Catonephele numilia,Blue-frosted Banner,1,
iNat,Insecta,,,Rhynchophorus,Rhynchophorus palmarum,South American Palm Weevil,1,
iNat,Reptilia,,,Amphisbaena,Amphisbaena alba,Red Worm Lizard,1,
iNat,Arachnida,,,Trichonephila,Trichonephila clavipes,Golden Silk Spider,1,
iNat,Insecta,,,Siproeta,Siproeta stelenes,Malachite,1,
iNat,Insecta,,,Eantis,Eantis thraso,Southern Sicklewing,1,
iNat,Insecta,,,Danaus,Danaus gilippus,Queen,1,
iNat,Aves,,,Sporophila,Sporophila collaris,Rusty-collared Seedeater,1,
iNat,Insecta,,,Polyctor,Polyctor polyctor,Polyctor Tufted-Skipper,1,
iNat,Plantae,,,Leptostelma,Leptostelma tweediei,,1,
iNat,Plantae,,,Annona,Annona nutans,,1,
iNat,Plantae,,,Sapium,Sapium haematospermum,,1,
iNat,Plantae,,,Scoparia,Scoparia dulcis,Licorice Weed,1,
iNat,Plantae,,,Pombalia,Pombalia communis,,1,
iNat,Plantae,,,Passiflora,Passiflora tenuifila,,1,
iNat,Reptilia,,,Polychrus,Polychrus acutirostris,Brazilian Monkey Lizard,1,
iNat,Plantae,,,Campylocentrum,Campylocentrum micranthum,,1,
iNat,Plantae,,,Portulaca,Portulaca amilis,Paraguayan Purslane,1,
iNat,Plantae,,,Moringa,Moringa oleifera,Moringa tree,1,
iNat,Plantae,,,Zanthoxylum,Zanthoxylum rhoifolium,Tambataru,1,
iNat,Plantae,,,Calliandra,Calliandra brevicaulis,,1,
iNat,Plantae,,,Lithraea,Lithraea molleoides,,1,
iNat,Aves,,,Molothrus,Molothrus bonariensis,Shiny Cowbird,1,
iNat,Insecta,,,Tunga,Tunga penetrans,Jigger Flea,1,
iNat,Insecta,,,Exalphus,Exalphus gounellei,,1,
iNat,Plantae,,,Petrea,Petrea volubilis,Queen's Wreath,1,
iNat,Plantae,,,Dicliptera,Dicliptera squarrosa,Uruguayan Firecracker Plant,1,
iNat,Plantae,,,Coffea,Coffea arabica,Coffee,1,
iNat,Insecta,,,Telebasis,Telebasis willinki,,1,
iNat,Insecta,,,Melipotis,Melipotis ochrodes,,1,
iNat,Insecta,,,Apilocrocis,Apilocrocis novateutonialis,,1,
iNat,Insecta,,,Digitonthophagus,Digitonthophagus gazella,Gazelle Scarab,1,
iNat,Insecta,,,Dorcacerus,Dorcacerus barbatus,,1,
iNat,Insecta,,,Gymnetis,Gymnetis rufilatris,,1,
iNat,Insecta,,,Euphoria,Euphoria lurida,,1,
iNat,Insecta,,,Gymnetis,Gymnetis hebraica,,1,
iNat,Insecta,,,Marmarina,Marmarina insculpta,,1,
iNat,Plantae,,,Campuloclinium,Campuloclinium macrocephalum,Pompom Weed,1,
iNat,Insecta,,,Mallodon,Mallodon spinibarbis,,1,
iNat,Insecta,,,Coelosis,Coelosis bicornis,,1,
iNat,Insecta,,,Calosoma,Calosoma alternans,,1,
iNat,Plantae,,,Amphilophium,Amphilophium paniculatum,,1,
iNat,Plantae,,,Piriqueta,Piriqueta morongii,,1,
iNat,Insecta,,,Norape,Norape nigrovenosa,,1,
iNat,Plantae,,,Anemia,Anemia phyllitidis,,1,
iNat,Plantae,,,Commelina,Commelina platyphylla,Flat-leafed Dayflower,1,
iNat,Plantae,,,Balfourodendron,Balfourodendron riedelianum,marfim,1,
iNat,Reptilia,,,Leptophis,Leptophis marginatus,Southern Green Parrot Snake,1,
iNat,Aves,,,Columbina,Columbina picui,Picuí Ground Dove,1,
iNat,Plantae,,,Aechmea,Aechmea distichantha,Brazilian vaseplant,1,
iNat,Mammalia,,,Platyrrhinus,Platyrrhinus lineatus,White-lined Broad-nosed Bat,1,
iNat,Aves,,,Pyrocephalus,Pyrocephalus rubinus,Vermilion Flycatcher,1,
iNat,Insecta,,,Astylus,Astylus antis,,1,
iNat,Insecta,,,Temenis,Temenis laothoe,Orange Banner,1,
iNat,Insecta,,,Hamadryas,Hamadryas epinome,Epinome Cracker,1,
iNat,Reptilia,,,Erythrolamprus,Erythrolamprus poecilogyrus,Yellow-bellied Liophis,1,
iNat,Reptilia,,,Tropidurus,Tropidurus spinulosus,Spiny Lava Lizard,1,
iNat,Plantae,,,Corchorus,Corchorus orinocensis,Orinoco jute,1,
iNat,Insecta,,,Strephonota,Strephonota elika,,1,
iNat,Insecta,,,Dictyopsocus,Dictyopsocus pennicornis,,1,
iNat,Plantae,,,Pteris,Pteris vittata,Ladder brake,1,
iNat,Insecta,,,Strongylium,Strongylium luteicorne,,1,
iNat,Arachnida,,,Peucetia,Peucetia rubrolineata,,1,
iNat,Fungi,,,Lentinus,Lentinus crinitus,fringed sawgill,1,
iNat,Plantae,,,Anthurium,Anthurium paraguayense,,1,
iNat,Insecta,,,Neoclytus,Neoclytus ypsilon,,1,
iNat,Insecta,,,Ambonus,Ambonus distinctus,,1,
iNat,Insecta,,,Manduca,Manduca incisa,,1,
iNat,Reptilia,,,Micrurus,Micrurus frontalis,Southern Coralsnake,1,
iNat,Plantae,,,Senecio,Senecio grisebachii,,1,
iNat,Plantae,,,Baccharis,Baccharis trimera,,1,
iNat,Plantae,,,Citharexylum,Citharexylum montevidense,,1,
iNat,Insecta,,,Heraclides,Heraclides anchisiades,Ruby-spotted Swallowtail,1,
iNat,Fungi,,,Herpothallon,Herpothallon rubrocinctum,Christmas lichen,1,
iNat,Plantae,,,Pleopeltis,Pleopeltis pleopeltifolia,,1,
iNat,Insecta,,,Dirphia,Dirphia moderata,,1,
iNat,Plantae,,,Coix,Coix lacryma-jobi,Job's Tears,1,
iNat,Arachnida,,,Parawixia,Parawixia bistriata,,1,
iNat,Insecta,,,Oospila,Oospila includaria,,1,
iNat,Insecta,,,Chamaelimnas,Chamaelimnas briola,,1,
iNat,Aves,,,Geranoaetus,Geranoaetus melanoleucus,Black-chested Buzzard-Eagle,1,
iNat,Plantae,,,Asclepias,Asclepias mellodora,,1,
iNat,Arachnida,,,Araneus,Araneus guttatus,,1,
iNat,Insecta,,,Hermetia,Hermetia illucens,Black Soldier Fly,1,
iNat,Aves,,,Nemosia,Nemosia pileata,Hooded Tanager,1,
iNat,Reptilia,,,Notomabuya,Notomabuya frenata,Cope's Mabuya,1,
iNat,Plantae,,,Angelonia,Angelonia integerrima,,1,
iNat,Mammalia,,,Dasypus,Dasypus novemcinctus,Southern Long-nosed Armadillo,1,
iNat,Insecta,,,Achryson,Achryson surinamum,,1,
iNat,Insecta,,,Brachygnathus,Brachygnathus angusticollis,,1,
iNat,Insecta,,,Opsiphanes,Opsiphanes invirae,Lowland Owl,1,
iNat,Insecta,,,Melipotis,Melipotis fasciolaris,Fasciolated Graphic,1,
iNat,Insecta,,,Arthromastix,Arthromastix lauralis,,1,
iNat,Insecta,,,Syngamia,Syngamia florella,Orange-spotted Flower Moth,1,
iNat,Insecta,,,Castoraeschna,Castoraeschna januaria,,1,
iNat,Mammalia,,,Tamandua,Tamandua tetradactyla,Southern Tamandua,1,
iNat,Aves,,,Leptotila,Leptotila verreauxi,White-tipped Dove,1,
iNat,Mammalia,,,Leopardus,Leopardus wiedii,Margay,1,
iNat,Insecta,,,Eurata,Eurata marcia,,1,
iNat,Aves,,,Gubernetes,Gubernetes yetapa,Streamer-tailed Tyrant,1,
iNat,Plantae,,,Passiflora,Passiflora alata,Winged-Stem Passion Flower,1,
iNat,Reptilia,,,Philodryas,Philodryas olfersii,Lichtenstein's Green Racer,1,
iNat,Reptilia,,,Stenocercus,Stenocercus caducus,Brown Leaf Lizard,1,
iNat,Reptilia,,,Iguana,Iguana iguana,Green Iguana,1,
iNat,Insecta,,,Carmenta,Carmenta wagneri,,1,
iNat,Fungi,,,Macrocybe,Macrocybe titans,American titan,1,
iNat,Insecta,,,Coelosis,Coelosis hippocrates,,1,
iNat,Insecta,,,Cyclocephala,Cyclocephala forsteri,,1,
iNat,Insecta,,,Trachypus,Trachypus elongatus,,1,
iNat,Insecta,,,Polybia,Polybia occidentalis occidentalis,,1,
iNat,Insecta,,,Trachypus,Trachypus patagonensis,,1,
iNat,Insecta,,,Polybia,Polybia ignobilis,,1,
iNat,Insecta,,,Polistes,Polistes subsericeus,,1,
iNat,Insecta,,,Polybia,Polybia sericea,,1,
iNat,Insecta,,,Polistes,Polistes billardieri ruficornis,,1,
iNat,Plantae,,,Cordia,Cordia ecalyculata,,1,
